"","ID","Passenger Class","Age","Sex","Survived"
"1",1,"1st",29,"female","YES"
"2",2,"1st",2,"female","NO"
"3",3,"1st",30,"male","NO"
"4",4,"1st",25,"female","NO"
"5",5,"1st",0.92,"male","YES"
"6",6,"1st",47,"male","YES"
"7",7,"1st",63,"female","YES"
"8",8,"1st",39,"male","NO"
"9",9,"1st",58,"female","YES"
"10",10,"1st",71,"male","NO"
"11",11,"1st",47,"male","NO"
"12",12,"1st",19,"female","YES"
"13",13,"1st",NA,"female","YES"
"14",14,"1st",NA,"male","YES"
"15",15,"1st",NA,"male","NO"
"16",16,"1st",50,"female","YES"
"17",17,"1st",24,"male","NO"
"18",18,"1st",36,"male","NO"
"19",19,"1st",37,"male","YES"
"20",20,"1st",47,"female","YES"
"21",21,"1st",26,"male","YES"
"22",22,"1st",25,"male","NO"
"23",23,"1st",25,"male","YES"
"24",24,"1st",19,"female","YES"
"25",25,"1st",28,"male","YES"
"26",26,"1st",45,"male","NO"
"27",27,"1st",39,"male","YES"
"28",28,"1st",30,"female","YES"
"29",29,"1st",58,"female","YES"
"30",30,"1st",NA,"male","NO"
"31",31,"1st",45,"female","YES"
"32",32,"1st",22,"female","YES"
"33",33,"1st",NA,"male","YES"
"34",34,"1st",41,"male","NO"
"35",35,"1st",48,"male","NO"
"36",36,"1st",NA,"male","NO"
"37",37,"1st",44,"female","YES"
"38",38,"1st",59,"female","YES"
"39",39,"1st",60,"female","YES"
"40",40,"1st",45,"male","NO"
"41",41,"1st",NA,"male","YES"
"42",42,"1st",53,"female","YES"
"43",43,"1st",58,"female","YES"
"44",44,"1st",36,"male","YES"
"45",45,"1st",33,"male","NO"
"46",46,"1st",NA,"male","NO"
"47",47,"1st",NA,"male","NO"
"48",48,"1st",36,"male","YES"
"49",49,"1st",36,"female","YES"
"50",50,"1st",14,"female","YES"
"51",51,"1st",11,"male","YES"
"52",52,"1st",49,"male","NO"
"53",53,"1st",NA,"female","YES"
"54",54,"1st",36,"male","NO"
"55",55,"1st",NA,"female","YES"
"56",56,"1st",46,"male","NO"
"57",57,"1st",47,"female","YES"
"58",58,"1st",27,"male","YES"
"59",59,"1st",31,"female","YES"
"60",60,"1st",NA,"female","YES"
"61",61,"1st",NA,"male","YES"
"62",62,"1st",NA,"female","YES"
"63",63,"1st",NA,"male","NO"
"64",64,"1st",27,"male","NO"
"65",65,"1st",26,"female","YES"
"66",66,"1st",NA,"male","NO"
"67",67,"1st",NA,"male","NO"
"68",68,"1st",64,"female","YES"
"69",69,"1st",37,"male","NO"
"70",70,"1st",39,"female","YES"
"71",71,"1st",55,"female","YES"
"72",72,"1st",NA,"male","NO"
"73",73,"1st",70,"male","NO"
"74",74,"1st",69,"female","YES"
"75",75,"1st",36,"female","YES"
"76",76,"1st",39,"male","NO"
"77",77,"1st",38,"female","YES"
"78",78,"1st",NA,"male","YES"
"79",79,"1st",27,"male","YES"
"80",80,"1st",31,"male","NO"
"81",81,"1st",27,"female","YES"
"82",82,"1st",NA,"female","YES"
"83",83,"1st",31,"male","YES"
"84",84,"1st",17,"female","YES"
"85",85,"1st",NA,"male","YES"
"86",86,"1st",NA,"female","YES"
"87",87,"1st",4,"male","YES"
"88",88,"1st",27,"female","YES"
"89",89,"1st",50,"male","NO"
"90",90,"1st",48,"female","YES"
"91",91,"1st",49,"male","YES"
"92",92,"1st",48,"female","YES"
"93",93,"1st",39,"male","NO"
"94",94,"1st",23,"female","YES"
"95",95,"1st",53,"female","YES"
"96",96,"1st",36,"female","NO"
"97",97,"1st",NA,"female","YES"
"98",98,"1st",NA,"male","YES"
"99",99,"1st",30,"male","NO"
"100",100,"1st",24,"female","YES"
"101",101,"1st",19,"male","NO"
"102",102,"1st",28,"female","YES"
"103",103,"1st",23,"female","YES"
"104",104,"1st",64,"male","NO"
"105",105,"1st",60,"female","YES"
"106",106,"1st",NA,"male","NO"
"107",107,"1st",49,"male","YES"
"108",108,"1st",NA,"female","YES"
"109",109,"1st",44,"male","YES"
"110",110,"1st",22,"female","YES"
"111",111,"1st",60,"male","YES"
"112",112,"1st",48,"female","YES"
"113",113,"1st",37,"male","NO"
"114",114,"1st",35,"female","YES"
"115",115,"1st",47,"male","NO"
"116",116,"1st",22,"female","YES"
"117",117,"1st",45,"female","YES"
"118",118,"1st",49,"male","YES"
"119",119,"1st",NA,"female","YES"
"120",120,"1st",71,"male","NO"
"121",121,"1st",54,"male","YES"
"122",122,"1st",38,"male","NO"
"123",123,"1st",19,"female","YES"
"124",124,"1st",58,"female","YES"
"125",125,"1st",45,"female","YES"
"126",126,"1st",23,"male","YES"
"127",127,"1st",46,"male","NO"
"128",128,"1st",25,"male","YES"
"129",129,"1st",21,"female","YES"
"130",130,"1st",48,"male","YES"
"131",131,"1st",49,"female","YES"
"132",132,"1st",45,"male","NO"
"133",133,"1st",36,"female","YES"
"134",134,"1st",NA,"male","YES"
"135",135,"1st",55,"male","NO"
"136",136,"1st",52,"female","YES"
"137",137,"1st",24,"female","YES"
"138",138,"1st",NA,"male","NO"
"139",139,"1st",NA,"male","NO"
"140",140,"1st",NA,"male","NO"
"141",141,"1st",16,"female","YES"
"142",142,"1st",44,"female","YES"
"143",143,"1st",51,"female","YES"
"144",144,"1st",42,"male","NO"
"145",145,"1st",35,"female","YES"
"146",146,"1st",35,"male","YES"
"147",147,"1st",38,"male","YES"
"148",148,"1st",35,"female","YES"
"149",149,"1st",NA,"male","NO"
"150",150,"1st",50,"female","NO"
"151",151,"1st",49,"male","YES"
"152",152,"1st",46,"male","NO"
"153",153,"1st",NA,"male","NO"
"154",154,"1st",58,"male","NO"
"155",155,"1st",41,"male","NO"
"156",156,"1st",NA,"female","YES"
"157",157,"1st",42,"male","YES"
"158",158,"1st",40,"female","YES"
"159",159,"1st",NA,"male","NO"
"160",160,"1st",NA,"female","YES"
"161",161,"1st",NA,"male","NO"
"162",162,"1st",42,"male","NO"
"163",163,"1st",55,"female","YES"
"164",164,"1st",50,"female","YES"
"165",165,"1st",16,"female","YES"
"166",166,"1st",NA,"male","NO"
"167",167,"1st",29,"male","NO"
"168",168,"1st",21,"female","YES"
"169",169,"1st",30,"male","NO"
"170",170,"1st",15,"female","YES"
"171",171,"1st",30,"male","NO"
"172",172,"1st",NA,"male","YES"
"173",173,"1st",NA,"male","NO"
"174",174,"1st",NA,"female","YES"
"175",175,"1st",46,"male","NO"
"176",176,"1st",54,"male","NO"
"177",177,"1st",36,"male","YES"
"178",178,"1st",28,"male","NO"
"179",179,"1st",NA,"female","YES"
"180",180,"1st",65,"male","NO"
"181",181,"1st",33,"female","YES"
"182",182,"1st",44,"male","NO"
"183",183,"1st",37,"female","YES"
"184",184,"1st",NA,"male","YES"
"185",185,"1st",55,"male","NO"
"186",186,"1st",47,"male","NO"
"187",187,"1st",36,"male","NO"
"188",188,"1st",58,"male","NO"
"189",189,"1st",31,"female","YES"
"190",190,"1st",23,"female","YES"
"191",191,"1st",19,"female","YES"
"192",192,"1st",64,"male","NO"
"193",193,"1st",NA,"male","YES"
"194",194,"1st",64,"male","NO"
"195",195,"1st",22,"female","YES"
"196",196,"1st",28,"male","NO"
"197",197,"1st",NA,"male","NO"
"198",198,"1st",NA,"male","NO"
"199",199,"1st",22,"male","NO"
"200",200,"1st",NA,"male","NO"
"201",201,"1st",NA,"female","YES"
"202",202,"1st",18,"male","NO"
"203",203,"1st",17,"female","YES"
"204",204,"1st",52,"male","YES"
"205",205,"1st",46,"male","NO"
"206",206,"1st",56,"female","YES"
"207",207,"1st",NA,"male","NO"
"208",208,"1st",NA,"male","YES"
"209",209,"1st",43,"female","YES"
"210",210,"1st",31,"male","NO"
"211",211,"1st",NA,"male","YES"
"212",212,"1st",NA,"male","NO"
"213",213,"1st",33,"female","YES"
"214",214,"1st",NA,"male","NO"
"215",215,"1st",27,"female","YES"
"216",216,"1st",55,"male","NO"
"217",217,"1st",54,"female","YES"
"218",218,"1st",NA,"male","NO"
"219",219,"1st",61,"male","NO"
"220",220,"1st",48,"female","YES"
"221",221,"1st",18,"female","YES"
"222",222,"1st",13,"male","YES"
"223",223,"1st",21,"female","YES"
"224",224,"1st",NA,"male","YES"
"225",225,"1st",NA,"male","YES"
"226",226,"1st",NA,"female","YES"
"227",227,"1st",34,"male","YES"
"228",228,"1st",40,"female","YES"
"229",229,"1st",36,"male","YES"
"230",230,"1st",50,"male","NO"
"231",231,"1st",39,"female","YES"
"232",232,"1st",56,"male","YES"
"233",233,"1st",28,"male","YES"
"234",234,"1st",56,"male","NO"
"235",235,"1st",56,"male","NO"
"236",236,"1st",24,"male","NO"
"237",237,"1st",18,"female","YES"
"238",238,"1st",NA,"male","NO"
"239",239,"1st",24,"male","YES"
"240",240,"1st",23,"female","YES"
"241",241,"1st",45,"male","YES"
"242",242,"1st",40,"female","YES"
"243",243,"1st",6,"male","YES"
"244",244,"1st",57,"male","NO"
"245",245,"1st",NA,"female","YES"
"246",246,"1st",32,"male","YES"
"247",247,"1st",62,"male","NO"
"248",248,"1st",54,"male","YES"
"249",249,"1st",43,"female","YES"
"250",250,"1st",52,"female","YES"
"251",251,"1st",NA,"male","NO"
"252",252,"1st",62,"female","YES"
"253",253,"1st",67,"male","NO"
"254",254,"1st",63,"female","NO"
"255",255,"1st",61,"male","NO"
"256",256,"1st",46,"female","YES"
"257",257,"1st",52,"male","NO"
"258",258,"1st",39,"female","YES"
"259",259,"1st",18,"female","YES"
"260",260,"1st",48,"male","YES"
"261",261,"1st",NA,"female","YES"
"262",262,"1st",49,"male","NO"
"263",263,"1st",39,"female","YES"
"264",264,"1st",17,"male","YES"
"265",265,"1st",46,"male","NO"
"266",266,"1st",NA,"female","YES"
"267",267,"1st",31,"male","YES"
"268",268,"1st",NA,"male","NO"
"269",269,"1st",61,"male","NO"
"270",270,"1st",47,"male","NO"
"271",271,"1st",64,"male","NO"
"272",272,"1st",60,"female","YES"
"273",273,"1st",60,"male","NO"
"274",274,"1st",55,"female","YES"
"275",275,"1st",54,"male","NO"
"276",276,"1st",21,"male","NO"
"277",277,"1st",57,"male","NO"
"278",278,"1st",45,"female","YES"
"279",279,"1st",31,"female","YES"
"280",280,"1st",50,"male","NO"
"281",281,"1st",50,"female","YES"
"282",282,"1st",27,"male","NO"
"283",283,"1st",20,"female","YES"
"284",284,"1st",51,"male","NO"
"285",285,"1st",NA,"male","NO"
"286",286,"1st",21,"male","YES"
"287",287,"1st",NA,"male","YES"
"288",288,"1st",NA,"male","NO"
"289",289,"1st",36,"female","YES"
"290",290,"1st",NA,"female","YES"
"291",291,"1st",NA,"female","YES"
"292",292,"1st",NA,"female","YES"
"293",293,"1st",NA,"female","YES"
"294",294,"1st",NA,"female","YES"
"295",295,"1st",NA,"female","YES"
"296",296,"1st",NA,"female","YES"
"297",297,"1st",NA,"female","YES"
"298",298,"1st",NA,"female","YES"
"299",299,"1st",NA,"female","YES"
"300",300,"1st",NA,"male","NO"
"301",301,"1st",NA,"female","NO"
"302",302,"1st",NA,"female","YES"
"303",303,"1st",NA,"male","NO"
"304",304,"1st",NA,"female","YES"
"305",305,"1st",NA,"male","NO"
"306",306,"1st",NA,"male","NO"
"307",307,"1st",40,"male","NO"
"308",308,"1st",NA,"male","NO"
"309",309,"1st",NA,"female","YES"
"310",310,"1st",32,"male","NO"
"311",311,"1st",NA,"female","YES"
"312",312,"1st",NA,"female","YES"
"313",313,"1st",NA,"male","NO"
"314",314,"1st",NA,"female","YES"
"315",315,"1st",NA,"female","NO"
"316",316,"1st",NA,"female","YES"
"317",317,"1st",33,"male","NO"
"318",318,"1st",NA,"male","NO"
"319",319,"1st",NA,"female","YES"
"320",320,"1st",NA,"female","NO"
"321",321,"1st",NA,"female","NO"
"322",322,"1st",NA,"female","YES"
"323",323,"2nd",30,"male","NO"
"324",324,"2nd",28,"female","YES"
"325",325,"2nd",18,"male","NO"
"326",326,"2nd",NA,"male","NO"
"327",327,"2nd",34,"male","NO"
"328",328,"2nd",32,"female","YES"
"329",329,"2nd",57,"male","NO"
"330",330,"2nd",18,"male","NO"
"331",331,"2nd",23,"male","NO"
"332",332,"2nd",36,"female","YES"
"333",333,"2nd",28,"male","NO"
"334",334,"2nd",51,"male","NO"
"335",335,"2nd",32,"male","YES"
"336",336,"2nd",19,"female","YES"
"337",337,"2nd",28,"male","NO"
"338",338,"2nd",36,"female","YES"
"339",339,"2nd",4,"female","YES"
"340",340,"2nd",1,"male","YES"
"341",341,"2nd",12,"female","YES"
"342",342,"2nd",34,"male","YES"
"343",343,"2nd",19,"female","YES"
"344",344,"2nd",23,"male","NO"
"345",345,"2nd",26,"male","NO"
"346",346,"2nd",NA,"male","NO"
"347",347,"2nd",27,"male","NO"
"348",348,"2nd",15,"female","YES"
"349",349,"2nd",45,"male","NO"
"350",350,"2nd",40,"female","YES"
"351",351,"2nd",20,"female","YES"
"352",352,"2nd",25,"male","NO"
"353",353,"2nd",36,"female","YES"
"354",354,"2nd",25,"male","NO"
"355",355,"2nd",NA,"male","NO"
"356",356,"2nd",42,"female","YES"
"357",357,"2nd",26,"male","YES"
"358",358,"2nd",26,"female","YES"
"359",359,"2nd",0.83,"male","YES"
"360",360,"2nd",31,"female","YES"
"361",361,"2nd",NA,"male","NO"
"362",362,"2nd",19,"male","NO"
"363",363,"2nd",54,"male","NO"
"364",364,"2nd",44,"female","NO"
"365",365,"2nd",52,"male","NO"
"366",366,"2nd",30,"male","NO"
"367",367,"2nd",30,"female","NO"
"368",368,"2nd",NA,"female","YES"
"369",369,"2nd",NA,"female","YES"
"370",370,"2nd",29,"male","NO"
"371",371,"2nd",NA,"female","YES"
"372",372,"2nd",29,"male","NO"
"373",373,"2nd",27,"male","NO"
"374",374,"2nd",24,"male","YES"
"375",375,"2nd",35,"male","NO"
"376",376,"2nd",31,"female","YES"
"377",377,"2nd",8,"female","YES"
"378",378,"2nd",22,"female","NO"
"379",379,"2nd",30,"female","NO"
"380",380,"2nd",NA,"female","NO"
"381",381,"2nd",20,"male","NO"
"382",382,"2nd",NA,"male","NO"
"383",383,"2nd",21,"male","NO"
"384",384,"2nd",49,"female","YES"
"385",385,"2nd",8,"male","YES"
"386",386,"2nd",28,"female","YES"
"387",387,"2nd",18,"male","NO"
"388",388,"2nd",NA,"male","NO"
"389",389,"2nd",28,"male","NO"
"390",390,"2nd",22,"female","YES"
"391",391,"2nd",25,"male","NO"
"392",392,"2nd",18,"male","NO"
"393",393,"2nd",32,"female","YES"
"394",394,"2nd",18,"female","YES"
"395",395,"2nd",NA,"male","NO"
"396",396,"2nd",42,"male","NO"
"397",397,"2nd",34,"female","YES"
"398",398,"2nd",8,"male","YES"
"399",399,"2nd",NA,"female","YES"
"400",400,"2nd",NA,"female","YES"
"401",401,"2nd",23,"male","NO"
"402",402,"2nd",21,"male","NO"
"403",403,"2nd",19,"male","NO"
"404",404,"2nd",NA,"male","NO"
"405",405,"2nd",NA,"female","YES"
"406",406,"2nd",NA,"male","NO"
"407",407,"2nd",38,"male","NO"
"408",408,"2nd",NA,"male","NO"
"409",409,"2nd",38,"female","NO"
"410",410,"2nd",35,"male","NO"
"411",411,"2nd",35,"male","NO"
"412",412,"2nd",38,"male","NO"
"413",413,"2nd",24,"female","YES"
"414",414,"2nd",16,"male","NO"
"415",415,"2nd",26,"male","NO"
"416",416,"2nd",45,"male","NO"
"417",417,"2nd",24,"male","NO"
"418",418,"2nd",21,"male","NO"
"419",419,"2nd",22,"male","NO"
"420",420,"2nd",NA,"male","NO"
"421",421,"2nd",34,"male","NO"
"422",422,"2nd",30,"male","NO"
"423",423,"2nd",50,"male","NO"
"424",424,"2nd",30,"male","NO"
"425",425,"2nd",23,"female","YES"
"426",426,"2nd",1,"male","YES"
"427",427,"2nd",44,"male","NO"
"428",428,"2nd",28,"male","NO"
"429",429,"2nd",6,"female","YES"
"430",430,"2nd",30,"male","YES"
"431",431,"2nd",NA,"male","NO"
"432",432,"2nd",43,"male","NO"
"433",433,"2nd",45,"female","YES"
"434",434,"2nd",7,"female","YES"
"435",435,"2nd",24,"female","YES"
"436",436,"2nd",24,"female","YES"
"437",437,"2nd",49,"male","NO"
"438",438,"2nd",48,"female","YES"
"439",439,"2nd",NA,"female","YES"
"440",440,"2nd",34,"male","NO"
"441",441,"2nd",32,"male","NO"
"442",442,"2nd",21,"male","NO"
"443",443,"2nd",18,"female","NO"
"444",444,"2nd",53,"female","YES"
"445",445,"2nd",23,"male","NO"
"446",446,"2nd",21,"female","YES"
"447",447,"2nd",NA,"male","NO"
"448",448,"2nd",52,"male","NO"
"449",449,"2nd",42,"male","NO"
"450",450,"2nd",36,"female","YES"
"451",451,"2nd",21,"male","NO"
"452",452,"2nd",41,"male","YES"
"453",453,"2nd",NA,"male","NO"
"454",454,"2nd",NA,"female","NO"
"455",455,"2nd",33,"male","NO"
"456",456,"2nd",17,"female","YES"
"457",457,"*",NA,"male","NO"
"458",458,"2nd",NA,"female","YES"
"459",459,"2nd",NA,"male","NO"
"460",460,"2nd",NA,"male","NO"
"461",461,"2nd",NA,"male","NO"
"462",462,"2nd",NA,"male","NO"
"463",463,"2nd",23,"female","YES"
"464",464,"2nd",34,"male","NO"
"465",465,"2nd",NA,"female","YES"
"466",466,"2nd",22,"female","NO"
"467",467,"2nd",NA,"male","NO"
"468",468,"2nd",NA,"female","YES"
"469",469,"2nd",45,"female","YES"
"470",470,"2nd",NA,"male","NO"
"471",471,"2nd",NA,"male","NO"
"472",472,"2nd",31,"male","NO"
"473",473,"2nd",30,"male","NO"
"474",474,"2nd",26,"female","NO"
"475",475,"2nd",NA,"male","NO"
"476",476,"2nd",34,"female","YES"
"477",477,"2nd",26,"male","NO"
"478",478,"2nd",22,"female","YES"
"479",479,"2nd",1,"female","YES"
"480",480,"2nd",3,"female","YES"
"481",481,"2nd",NA,"female","YES"
"482",482,"2nd",NA,"female","YES"
"483",483,"2nd",NA,"male","NO"
"484",484,"2nd",25,"male","NO"
"485",485,"2nd",NA,"male","NO"
"486",486,"2nd",48,"male","NO"
"487",487,"2nd",NA,"female","YES"
"488",488,"2nd",57,"female","NO"
"489",489,"2nd",NA,"male","NO"
"490",490,"2nd",NA,"male","NO"
"491",491,"2nd",NA,"female","YES"
"492",492,"2nd",2,"male","YES"
"493",493,"2nd",NA,"male","NO"
"494",494,"2nd",27,"male","NO"
"495",495,"2nd",19,"female","YES"
"496",496,"2nd",30,"male","NO"
"497",497,"2nd",20,"male","NO"
"498",498,"2nd",45,"male","NO"
"499",499,"2nd",NA,"male","NO"
"500",500,"2nd",46,"male","NO"
"501",501,"2nd",41,"female","YES"
"502",502,"2nd",13,"female","YES"
"503",503,"2nd",19,"male","YES"
"504",504,"2nd",30,"male","NO"
"505",505,"2nd",48,"male","NO"
"506",506,"2nd",71,"male","NO"
"507",507,"2nd",54,"male","NO"
"508",508,"2nd",NA,"male","NO"
"509",509,"2nd",NA,"male","NO"
"510",510,"2nd",64,"male","NO"
"511",511,"2nd",32,"male","NO"
"512",512,"2nd",18,"female","YES"
"513",513,"2nd",2,"male","YES"
"514",514,"2nd",32,"male","NO"
"515",515,"2nd",3,"male","YES"
"516",516,"2nd",26,"male","NO"
"517",517,"2nd",19,"male","NO"
"518",518,"2nd",NA,"male","NO"
"519",519,"2nd",20,"male","YES"
"520",520,"2nd",29,"female","YES"
"521",521,"2nd",39,"male","NO"
"522",522,"2nd",22,"male","YES"
"523",523,"2nd",NA,"male","YES"
"524",524,"2nd",24,"male","NO"
"525",525,"2nd",NA,"male","YES"
"526",526,"2nd",28,"male","NO"
"527",527,"2nd",NA,"male","NO"
"528",528,"2nd",50,"female","YES"
"529",529,"2nd",20,"male","NO"
"530",530,"2nd",40,"male","NO"
"531",531,"2nd",42,"female","YES"
"532",532,"2nd",21,"male","NO"
"533",533,"2nd",32,"female","YES"
"534",534,"2nd",34,"male","NO"
"535",535,"2nd",NA,"male","YES"
"536",536,"2nd",NA,"male","NO"
"537",537,"2nd",33,"female","YES"
"538",538,"2nd",2,"female","YES"
"539",539,"2nd",8,"female","YES"
"540",540,"2nd",36,"male","NO"
"541",541,"2nd",34,"male","NO"
"542",542,"2nd",30,"female","YES"
"543",543,"2nd",28,"female","YES"
"544",544,"2nd",23,"male","NO"
"545",545,"2nd",0.8,"male","YES"
"546",546,"2nd",25,"female","YES"
"547",547,"2nd",3,"male","YES"
"548",548,"2nd",50,"female","YES"
"549",549,"2nd",NA,"male","NO"
"550",550,"2nd",21,"female","YES"
"551",551,"2nd",NA,"male","NO"
"552",552,"2nd",NA,"male","NO"
"553",553,"2nd",25,"female","YES"
"554",554,"2nd",18,"female","YES"
"555",555,"2nd",20,"female","YES"
"556",556,"2nd",30,"female","YES"
"557",557,"2nd",59,"male","NO"
"558",558,"2nd",30,"female","YES"
"559",559,"2nd",35,"male","NO"
"560",560,"2nd",22,"male","NO"
"561",561,"2nd",NA,"female","YES"
"562",562,"2nd",25,"male","NO"
"563",563,"2nd",41,"male","NO"
"564",564,"2nd",25,"male","NO"
"565",565,"2nd",14,"male","NO"
"566",566,"2nd",50,"female","YES"
"567",567,"2nd",22,"male","NO"
"568",568,"2nd",NA,"female","YES"
"569",569,"2nd",27,"female","YES"
"570",570,"2nd",29,"male","NO"
"571",571,"2nd",27,"female","NO"
"572",572,"2nd",30,"male","NO"
"573",573,"2nd",22,"male","NO"
"574",574,"2nd",35,"female","YES"
"575",575,"2nd",30,"male","NO"
"576",576,"2nd",28,"female","YES"
"577",577,"2nd",23,"male","NO"
"578",578,"2nd",NA,"male","NO"
"579",579,"2nd",12,"female","YES"
"580",580,"2nd",40,"female","YES"
"581",581,"2nd",36,"female","YES"
"582",582,"2nd",28,"male","NO"
"583",583,"2nd",32,"female","YES"
"584",584,"2nd",29,"female","YES"
"585",585,"2nd",4,"female","YES"
"586",586,"2nd",2,"male","YES"
"587",587,"2nd",NA,"female","YES"
"588",588,"2nd",NA,"female","YES"
"589",589,"2nd",36,"male","NO"
"590",590,"2nd",33,"female","YES"
"591",591,"2nd",NA,"male","NO"
"592",592,"2nd",NA,"male","NO"
"593",593,"2nd",NA,"male","NO"
"594",594,"2nd",32,"male","YES"
"595",595,"2nd",NA,"female","YES"
"596",596,"2nd",NA,"male","YES"
"597",597,"2nd",26,"female","YES"
"598",598,"2nd",NA,"female","NO"
"599",599,"2nd",30,"male","NO"
"600",600,"2nd",24,"female","YES"
"601",601,"2nd",NA,"male","NO"
"602",602,"2nd",18,"male","NO"
"603",603,"3rd",42,"male","NO"
"604",604,"3rd",13,"male","NO"
"605",605,"3rd",16,"male","NO"
"606",606,"3rd",35,"female","YES"
"607",607,"3rd",16,"female","YES"
"608",608,"3rd",25,"male","YES"
"609",609,"3rd",18,"female","YES"
"610",610,"3rd",20,"male","YES"
"611",611,"3rd",30,"male","NO"
"612",612,"3rd",26,"male","NO"
"613",613,"3rd",40,"female","NO"
"614",614,"3rd",24,"male","NO"
"615",615,"3rd",41,"male","NO"
"616",616,"3rd",18,"female","YES"
"617",617,"3rd",0.83,"male","YES"
"618",618,"3rd",23,"male","NO"
"619",619,"3rd",20,"male","NO"
"620",620,"3rd",25,"male","NO"
"621",621,"3rd",35,"male","NO"
"622",622,"3rd",17,"male","NO"
"623",623,"3rd",32,"male","NO"
"624",624,"3rd",20,"male","NO"
"625",625,"3rd",39,"male","NO"
"626",626,"3rd",39,"female","NO"
"627",627,"3rd",6,"female","NO"
"628",628,"3rd",2,"female","NO"
"629",629,"3rd",17,"female","YES"
"630",630,"3rd",38,"female","NO"
"631",631,"3rd",9,"female","NO"
"632",632,"3rd",26,"male","NO"
"633",633,"3rd",11,"female","NO"
"634",634,"3rd",4,"male","NO"
"635",635,"3rd",20,"male","NO"
"636",636,"3rd",26,"male","NO"
"637",637,"3rd",25,"male","NO"
"638",638,"3rd",18,"female","NO"
"639",639,"3rd",24,"male","NO"
"640",640,"3rd",35,"male","NO"
"641",641,"3rd",40,"male","NO"
"642",642,"3rd",38,"female","YES"
"643",643,"3rd",5,"male","NO"
"644",644,"3rd",9,"male","NO"
"645",645,"3rd",3,"male","YES"
"646",646,"3rd",13,"male","NO"
"647",647,"3rd",23,"male","YES"
"648",648,"3rd",5,"female","YES"
"649",649,"3rd",NA,"male","NO"
"650",650,"3rd",45,"female","YES"
"651",651,"3rd",23,"male","NO"
"652",652,"3rd",17,"female","NO"
"653",653,"3rd",27,"male","NO"
"654",654,"3rd",23,"male","NO"
"655",655,"3rd",20,"male","NO"
"656",656,"3rd",32,"male","NO"
"657",657,"3rd",33,"female","YES"
"658",658,"3rd",3,"female","YES"
"659",659,"3rd",NA,"female","YES"
"660",660,"3rd",NA,"female","YES"
"661",661,"3rd",NA,"female","YES"
"662",662,"3rd",18,"female","YES"
"663",663,"3rd",40,"male","NO"
"664",664,"3rd",26,"male","NO"
"665",665,"3rd",15,"female","YES"
"666",666,"3rd",45,"female","NO"
"667",667,"3rd",18,"female","NO"
"668",668,"3rd",27,"female","NO"
"669",669,"3rd",22,"male","NO"
"670",670,"3rd",19,"male","NO"
"671",671,"3rd",26,"male","NO"
"672",672,"3rd",22,"male","NO"
"673",673,"3rd",20,"male","NO"
"674",674,"3rd",32,"male","YES"
"675",675,"3rd",21,"male","NO"
"676",676,"3rd",18,"male","NO"
"677",677,"3rd",26,"male","NO"
"678",678,"3rd",6,"male","NO"
"679",679,"3rd",NA,"male","NO"
"680",680,"3rd",NA,"female","NO"
"681",681,"3rd",9,"female","NO"
"682",682,"3rd",40,"male","NO"
"683",683,"3rd",32,"female","NO"
"684",684,"3rd",NA,"female","NO"
"685",685,"3rd",26,"male","NO"
"686",686,"3rd",18,"female","YES"
"687",687,"3rd",20,"female","NO"
"688",688,"3rd",NA,"male","NO"
"689",689,"3rd",29,"male","NO"
"690",690,"3rd",22,"male","NO"
"691",691,"3rd",22,"male","NO"
"692",692,"3rd",35,"male","NO"
"693",693,"3rd",21,"male","YES"
"694",694,"3rd",20,"female","NO"
"695",695,"3rd",19,"male","NO"
"696",696,"3rd",18,"female","NO"
"697",697,"3rd",18,"male","NO"
"698",698,"3rd",38,"male","NO"
"699",699,"3rd",NA,"male","NO"
"700",700,"3rd",30,"male","NO"
"701",701,"3rd",17,"male","NO"
"702",702,"3rd",21,"female","NO"
"703",703,"3rd",21,"male","NO"
"704",704,"3rd",21,"male","NO"
"705",705,"3rd",NA,"male","NO"
"706",706,"3rd",NA,"female","NO"
"707",707,"3rd",24,"male","NO"
"708",708,"3rd",33,"male","NO"
"709",709,"3rd",33,"male","NO"
"710",710,"3rd",28,"male","NO"
"711",711,"3rd",16,"female","YES"
"712",712,"3rd",37,"female","NO"
"713",713,"3rd",28,"male","NO"
"714",714,"3rd",NA,"male","YES"
"715",715,"3rd",24,"male","NO"
"716",716,"3rd",21,"male","NO"
"717",717,"3rd",NA,"male","NO"
"718",718,"3rd",32,"male","NO"
"719",719,"3rd",29,"male","NO"
"720",720,"3rd",26,"male","NO"
"721",721,"3rd",18,"male","NO"
"722",722,"3rd",20,"male","NO"
"723",723,"3rd",19,"male","YES"
"724",724,"3rd",24,"male","NO"
"725",725,"3rd",24,"male","NO"
"726",726,"3rd",36,"male","NO"
"727",727,"3rd",31,"male","NO"
"728",728,"3rd",31,"male","NO"
"729",729,"3rd",30,"female","NO"
"730",730,"3rd",22,"female","YES"
"731",731,"3rd",NA,"male","NO"
"732",732,"3rd",43,"male","NO"
"733",733,"3rd",35,"male","NO"
"734",734,"3rd",27,"male","NO"
"735",735,"3rd",19,"male","NO"
"736",736,"3rd",30,"male","NO"
"737",737,"3rd",36,"female","YES"
"738",738,"3rd",3,"male","YES"
"739",739,"3rd",9,"male","YES"
"740",740,"3rd",59,"male","NO"
"741",741,"3rd",19,"male","NO"
"742",742,"3rd",44,"male","NO"
"743",743,"3rd",17,"female","YES"
"744",744,"3rd",NA,"male","NO"
"745",745,"3rd",45,"male","YES"
"746",746,"3rd",22,"female","NO"
"747",747,"3rd",19,"male","NO"
"748",748,"3rd",29,"male","YES"
"749",749,"3rd",30,"female","YES"
"750",750,"3rd",34,"male","NO"
"751",751,"3rd",28,"female","NO"
"752",752,"3rd",0.33,"male","NO"
"753",753,"3rd",27,"male","NO"
"754",754,"3rd",25,"male","NO"
"755",755,"3rd",24,"male","NO"
"756",756,"3rd",22,"male","NO"
"757",757,"3rd",21,"male","NO"
"758",758,"3rd",17,"male","NO"
"759",759,"3rd",NA,"male","NO"
"760",760,"3rd",NA,"female","YES"
"761",761,"3rd",26,"male","NO"
"762",762,"3rd",33,"female","YES"
"763",763,"3rd",1,"male","YES"
"764",764,"3rd",0.17,"female","YES"
"765",765,"3rd",25,"male","NO"
"766",766,"3rd",36,"male","YES"
"767",767,"3rd",36,"female","YES"
"768",768,"3rd",30,"male","YES"
"769",769,"3rd",NA,"male","NO"
"770",770,"3rd",23,"male","NO"
"771",771,"3rd",26,"male","NO"
"772",772,"3rd",19,"female","YES"
"773",773,"3rd",65,"male","NO"
"774",774,"3rd",NA,"male","NO"
"775",775,"3rd",42,"male","NO"
"776",776,"3rd",43,"male","NO"
"777",777,"3rd",32,"male","NO"
"778",778,"3rd",19,"male","YES"
"779",779,"3rd",30,"female","YES"
"780",780,"3rd",24,"female","NO"
"781",781,"3rd",23,"female","YES"
"782",782,"3rd",NA,"male","NO"
"783",783,"3rd",24,"female","YES"
"784",784,"3rd",24,"male","YES"
"785",785,"3rd",23,"male","NO"
"786",786,"3rd",22,"female","YES"
"787",787,"3rd",NA,"male","NO"
"788",788,"3rd",18,"male","NO"
"789",789,"3rd",16,"male","NO"
"790",790,"3rd",45,"male","NO"
"791",791,"3rd",NA,"male","NO"
"792",792,"3rd",NA,"male","NO"
"793",793,"3rd",NA,"male","NO"
"794",794,"3rd",47,"male","NO"
"795",795,"3rd",5,"female","YES"
"796",796,"3rd",NA,"male","NO"
"797",797,"3rd",NA,"male","NO"
"798",798,"3rd",NA,"male","NO"
"799",799,"3rd",NA,"male","YES"
"800",800,"3rd",NA,"male","NO"
"801",801,"3rd",NA,"male","NO"
"802",802,"3rd",NA,"male","NO"
"803",803,"3rd",NA,"male","NO"
"804",804,"3rd",NA,"male","NO"
"805",805,"3rd",NA,"male","YES"
"806",806,"3rd",NA,"male","NO"
"807",807,"3rd",21,"female","NO"
"808",808,"3rd",18,"male","NO"
"809",809,"3rd",9,"female","NO"
"810",810,"3rd",48,"female","NO"
"811",811,"3rd",16,"male","NO"
"812",812,"3rd",NA,"male","NO"
"813",813,"3rd",NA,"male","NO"
"814",814,"3rd",25,"male","NO"
"815",815,"3rd",NA,"male","NO"
"816",816,"3rd",38,"female","YES"
"817",817,"3rd",22,"male","NO"
"818",818,"3rd",16,"female","YES"
"819",819,"3rd",NA,"female","YES"
"820",820,"3rd",33,"male","NO"
"821",821,"3rd",NA,"female","YES"
"822",822,"3rd",9,"male","YES"
"823",823,"3rd",41,"male","NO"
"824",824,"3rd",38,"male","NO"
"825",825,"3rd",40,"male","NO"
"826",826,"3rd",43,"female","NO"
"827",827,"3rd",14,"male","NO"
"828",828,"3rd",16,"female","NO"
"829",829,"3rd",9,"male","NO"
"830",830,"3rd",10,"female","NO"
"831",831,"3rd",6,"male","NO"
"832",832,"3rd",11,"male","NO"
"833",833,"3rd",40,"male","NO"
"834",834,"3rd",32,"male","NO"
"835",835,"3rd",NA,"male","NO"
"836",836,"3rd",20,"male","NO"
"837",837,"3rd",37,"male","NO"
"838",838,"3rd",28,"male","NO"
"839",839,"3rd",19,"male","NO"
"840",840,"3rd",24,"female","NO"
"841",841,"3rd",17,"female","NO"
"842",842,"3rd",NA,"male","NO"
"843",843,"3rd",NA,"male","NO"
"844",844,"3rd",28,"male","NO"
"845",845,"3rd",24,"female","YES"
"846",846,"3rd",20,"male","NO"
"847",847,"3rd",41,"male","NO"
"848",848,"3rd",45,"female","YES"
"849",849,"3rd",26,"male","NO"
"850",850,"3rd",21,"male","NO"
"851",851,"3rd",NA,"female","NO"
"852",852,"3rd",NA,"male","NO"
"853",853,"3rd",NA,"male","NO"
"854",854,"3rd",NA,"male","NO"
"855",855,"3rd",NA,"female","NO"
"856",856,"3rd",27,"male","YES"
"857",857,"3rd",NA,"male","NO"
"858",858,"3rd",18,"female","NO"
"859",859,"3rd",26,"female","YES"
"860",860,"3rd",23,"female","NO"
"861",861,"3rd",22,"female","YES"
"862",862,"3rd",NA,"female","NO"
"863",863,"3rd",NA,"male","NO"
"864",864,"3rd",NA,"female","NO"
"865",865,"3rd",28,"female","NO"
"866",866,"3rd",22,"female","YES"
"867",867,"3rd",2,"female","NO"
"868",868,"3rd",43,"male","NO"
"869",869,"3rd",NA,"male","NO"
"870",870,"3rd",27,"female","YES"
"871",871,"3rd",NA,"male","NO"
"872",872,"3rd",NA,"female","YES"
"873",873,"3rd",42,"male","NO"
"874",874,"3rd",NA,"male","YES"
"875",875,"3rd",NA,"male","NO"
"876",876,"3rd",27,"female","NO"
"877",877,"3rd",25,"female","NO"
"878",878,"3rd",NA,"male","NO"
"879",879,"3rd",27,"male","YES"
"880",880,"3rd",NA,"male","NO"
"881",881,"3rd",19,"female","YES"
"882",882,"3rd",20,"male","NO"
"883",883,"3rd",48,"male","NO"
"884",884,"3rd",17,"male","NO"
"885",885,"3rd",NA,"female","YES"
"886",886,"3rd",NA,"male","NO"
"887",887,"3rd",34,"male","NO"
"888",888,"3rd",22,"male","NO"
"889",889,"3rd",33,"male","NO"
"890",890,"3rd",32,"male","YES"
"891",891,"3rd",29,"male","NO"
"892",892,"3rd",26,"male","YES"
"893",893,"3rd",49,"male","NO"
"894",894,"3rd",1,"female","YES"
"895",895,"3rd",33,"male","NO"
"896",896,"3rd",4,"male","YES"
"897",897,"3rd",24,"female","NO"
"898",898,"3rd",19,"male","NO"
"899",899,"3rd",NA,"male","NO"
"900",900,"3rd",NA,"female","NO"
"901",901,"3rd",NA,"female","NO"
"902",902,"3rd",NA,"male","NO"
"903",903,"3rd",NA,"male","NO"
"904",904,"3rd",32,"male","YES"
"905",905,"3rd",27,"male","NO"
"906",906,"3rd",21,"female","NO"
"907",907,"3rd",32,"male","YES"
"908",908,"3rd",20,"female","NO"
"909",909,"3rd",17,"male","NO"
"910",910,"3rd",21,"male","NO"
"911",911,"3rd",30,"male","NO"
"912",912,"3rd",21,"male","YES"
"913",913,"3rd",23,"male","NO"
"914",914,"3rd",22,"male","NO"
"915",915,"3rd",4,"female","YES"
"916",916,"3rd",39,"male","NO"
"917",917,"3rd",NA,"male","NO"
"918",918,"3rd",20,"male","NO"
"919",919,"3rd",NA,"male","NO"
"920",920,"3rd",NA,"male","NO"
"921",921,"3rd",21,"female","YES"
"922",922,"3rd",44,"male","NO"
"923",923,"3rd",42,"male","NO"
"924",924,"3rd",21,"female","YES"
"925",925,"3rd",24,"male","NO"
"926",926,"3rd",NA,"male","NO"
"927",927,"3rd",NA,"female","NO"
"928",928,"3rd",NA,"male","NO"
"929",929,"3rd",25,"male","NO"
"930",930,"3rd",22,"male","NO"
"931",931,"3rd",22,"male","NO"
"932",932,"3rd",39,"male","YES"
"933",933,"3rd",26,"female","NO"
"934",934,"3rd",4,"female","YES"
"935",935,"3rd",22,"female","NO"
"936",936,"3rd",26,"male","NO"
"937",937,"3rd",1.5,"female","NO"
"938",938,"3rd",36,"female","NO"
"939",939,"3rd",18,"male","NO"
"940",940,"3rd",NA,"male","NO"
"941",941,"3rd",25,"male","YES"
"942",942,"3rd",NA,"male","NO"
"943",943,"3rd",37,"female","NO"
"944",944,"3rd",NA,"male","NO"
"945",945,"3rd",NA,"male","YES"
"946",946,"3rd",NA,"male","NO"
"947",947,"3rd",22,"female","YES"
"948",948,"3rd",20,"male","NO"
"949",949,"3rd",26,"male","YES"
"950",950,"3rd",29,"male","NO"
"951",951,"3rd",29,"male","NO"
"952",952,"3rd",22,"male","NO"
"953",953,"3rd",NA,"male","YES"
"954",954,"3rd",NA,"female","NO"
"955",955,"3rd",NA,"male","NO"
"956",956,"3rd",NA,"female","NO"
"957",957,"3rd",NA,"female","NO"
"958",958,"3rd",NA,"female","NO"
"959",959,"3rd",32,"male","NO"
"960",960,"3rd",NA,"male","NO"
"961",961,"3rd",21,"male","NO"
"962",962,"3rd",21,"female","NO"
"963",963,"3rd",36,"male","NO"
"964",964,"3rd",39,"male","NO"
"965",965,"3rd",25,"female","NO"
"966",966,"3rd",45,"female","NO"
"967",967,"3rd",36,"male","NO"
"968",968,"3rd",30,"female","NO"
"969",969,"3rd",20,"male","YES"
"970",970,"3rd",NA,"male","NO"
"971",971,"3rd",NA,"male","NO"
"972",972,"3rd",NA,"male","NO"
"973",973,"3rd",NA,"male","NO"
"974",974,"3rd",NA,"female","NO"
"975",975,"3rd",NA,"male","NO"
"976",976,"3rd",NA,"male","NO"
"977",977,"3rd",NA,"male","YES"
"978",978,"3rd",NA,"male","NO"
"979",979,"3rd",NA,"female","YES"
"980",980,"3rd",NA,"male","NO"
"981",981,"3rd",NA,"male","NO"
"982",982,"3rd",NA,"male","NO"
"983",983,"3rd",NA,"female","YES"
"984",984,"3rd",NA,"male","NO"
"985",985,"3rd",NA,"male","NO"
"986",986,"3rd",NA,"female","NO"
"987",987,"3rd",NA,"male","NO"
"988",988,"3rd",NA,"male","NO"
"989",989,"3rd",NA,"male","YES"
"990",990,"3rd",NA,"female","NO"
"991",991,"3rd",NA,"female","YES"
"992",992,"3rd",NA,"male","NO"
"993",993,"3rd",NA,"male","NO"
"994",994,"3rd",NA,"male","NO"
"995",995,"3rd",NA,"male","NO"
"996",996,"3rd",NA,"male","NO"
"997",997,"3rd",NA,"female","YES"
"998",998,"3rd",NA,"male","NO"
"999",999,"3rd",NA,"female","YES"
"1000",1000,"3rd",NA,"male","NO"
"1001",1001,"3rd",NA,"female","NO"
"1002",1002,"3rd",NA,"female","NO"
"1003",1003,"3rd",NA,"male","NO"
"1004",1004,"3rd",NA,"female","NO"
"1005",1005,"3rd",NA,"male","NO"
"1006",1006,"3rd",NA,"female","YES"
"1007",1007,"3rd",NA,"female","NO"
"1008",1008,"3rd",NA,"female","NO"
"1009",1009,"3rd",NA,"male","NO"
"1010",1010,"3rd",NA,"male","NO"
"1011",1011,"3rd",NA,"female","NO"
"1012",1012,"3rd",NA,"female","NO"
"1013",1013,"3rd",NA,"male","NO"
"1014",1014,"3rd",NA,"female","NO"
"1015",1015,"3rd",23,"female","NO"
"1016",1016,"3rd",NA,"male","NO"
"1017",1017,"3rd",NA,"male","YES"
"1018",1018,"3rd",NA,"male","NO"
"1019",1019,"3rd",NA,"male","NO"
"1020",1020,"3rd",NA,"male","NO"
"1021",1021,"3rd",NA,"male","NO"
"1022",1022,"3rd",NA,"male","NO"
"1023",1023,"3rd",NA,"male","NO"
"1024",1024,"3rd",NA,"female","YES"
"1025",1025,"3rd",NA,"male","NO"
"1026",1026,"3rd",NA,"female","YES"
"1027",1027,"3rd",NA,"male","NO"
"1028",1028,"3rd",NA,"male","NO"
"1029",1029,"3rd",NA,"female","YES"
"1030",1030,"3rd",NA,"male","NO"
"1031",1031,"3rd",NA,"male","NO"
"1032",1032,"3rd",NA,"male","NO"
"1033",1033,"3rd",NA,"male","NO"
"1034",1034,"3rd",NA,"male","YES"
"1035",1035,"3rd",NA,"female","NO"
"1036",1036,"3rd",NA,"male","NO"
"1037",1037,"3rd",NA,"male","NO"
"1038",1038,"3rd",NA,"male","NO"
"1039",1039,"3rd",NA,"female","NO"
"1040",1040,"3rd",NA,"male","NO"
"1041",1041,"3rd",NA,"female","YES"
"1042",1042,"3rd",NA,"female","NO"
"1043",1043,"3rd",NA,"male","NO"
"1044",1044,"3rd",NA,"female","NO"
"1045",1045,"3rd",NA,"female","NO"
"1046",1046,"3rd",NA,"female","NO"
"1047",1047,"3rd",NA,"male","NO"
"1048",1048,"3rd",NA,"female","YES"
"1049",1049,"3rd",NA,"male","NO"
"1050",1050,"3rd",NA,"female","NO"
"1051",1051,"3rd",NA,"male","NO"
"1052",1052,"3rd",NA,"male","NO"
"1053",1053,"3rd",NA,"male","NO"
"1054",1054,"3rd",NA,"male","NO"
"1055",1055,"3rd",NA,"male","NO"
"1056",1056,"3rd",NA,"female","YES"
"1057",1057,"3rd",NA,"male","NO"
"1058",1058,"3rd",NA,"male","NO"
"1059",1059,"3rd",NA,"male","NO"
"1060",1060,"3rd",NA,"male","NO"
"1061",1061,"3rd",NA,"female","NO"
"1062",1062,"3rd",NA,"male","NO"
"1063",1063,"3rd",NA,"male","NO"
"1064",1064,"3rd",NA,"female","YES"
"1065",1065,"3rd",NA,"male","NO"
"1066",1066,"3rd",NA,"female","NO"
"1067",1067,"3rd",NA,"male","NO"
"1068",1068,"3rd",NA,"male","NO"
"1069",1069,"3rd",NA,"female","YES"
"1070",1070,"3rd",NA,"female","NO"
"1071",1071,"3rd",NA,"male","NO"
"1072",1072,"3rd",NA,"male","NO"
"1073",1073,"3rd",NA,"male","YES"
"1074",1074,"3rd",NA,"female","NO"
"1075",1075,"3rd",NA,"male","NO"
"1076",1076,"3rd",NA,"male","NO"
"1077",1077,"3rd",NA,"male","NO"
"1078",1078,"3rd",NA,"female","YES"
"1079",1079,"3rd",NA,"male","NO"
"1080",1080,"3rd",NA,"male","NO"
"1081",1081,"3rd",NA,"male","NO"
"1082",1082,"3rd",NA,"male","YES"
"1083",1083,"3rd",NA,"female","NO"
"1084",1084,"3rd",NA,"female","NO"
"1085",1085,"3rd",NA,"male","NO"
"1086",1086,"3rd",NA,"female","NO"
"1087",1087,"3rd",NA,"male","NO"
"1088",1088,"3rd",NA,"male","NO"
"1089",1089,"3rd",NA,"male","NO"
"1090",1090,"3rd",NA,"male","NO"
"1091",1091,"3rd",NA,"female","NO"
"1092",1092,"3rd",NA,"male","NO"
"1093",1093,"3rd",NA,"male","YES"
"1094",1094,"3rd",NA,"female","NO"
"1095",1095,"3rd",NA,"male","NO"
"1096",1096,"3rd",NA,"male","NO"
"1097",1097,"3rd",NA,"male","NO"
"1098",1098,"3rd",NA,"male","NO"
"1099",1099,"3rd",NA,"female","YES"
"1100",1100,"3rd",NA,"female","NO"
"1101",1101,"3rd",NA,"male","NO"
"1102",1102,"3rd",NA,"male","NO"
"1103",1103,"3rd",NA,"male","NO"
"1104",1104,"3rd",NA,"female","NO"
"1105",1105,"3rd",NA,"male","NO"
"1106",1106,"3rd",NA,"male","NO"
"1107",1107,"3rd",NA,"male","NO"
"1108",1108,"3rd",NA,"male","NO"
"1109",1109,"3rd",NA,"male","NO"
"1110",1110,"3rd",NA,"female","NO"
"1111",1111,"3rd",NA,"male","NO"
"1112",1112,"3rd",NA,"female","NO"
"1113",1113,"3rd",NA,"female","NO"
"1114",1114,"3rd",NA,"male","NO"
"1115",1115,"3rd",NA,"male","NO"
"1116",1116,"3rd",NA,"female","NO"
"1117",1117,"3rd",NA,"female","NO"
"1118",1118,"3rd",NA,"male","NO"
"1119",1119,"3rd",NA,"male","NO"
"1120",1120,"3rd",NA,"male","NO"
"1121",1121,"3rd",NA,"male","NO"
"1122",1122,"3rd",NA,"male","NO"
"1123",1123,"3rd",NA,"male","YES"
"1124",1124,"3rd",NA,"male","NO"
"1125",1125,"3rd",NA,"male","NO"
"1126",1126,"3rd",NA,"male","YES"
"1127",1127,"3rd",NA,"female","NO"
"1128",1128,"3rd",NA,"female","NO"
"1129",1129,"3rd",NA,"male","NO"
"1130",1130,"3rd",NA,"female","NO"
"1131",1131,"3rd",NA,"male","NO"
"1132",1132,"3rd",NA,"female","NO"
"1133",1133,"3rd",NA,"male","NO"
"1134",1134,"3rd",NA,"male","NO"
"1135",1135,"3rd",NA,"female","NO"
"1136",1136,"3rd",NA,"male","NO"
"1137",1137,"3rd",NA,"male","YES"
"1138",1138,"3rd",NA,"male","NO"
"1139",1139,"3rd",NA,"male","NO"
"1140",1140,"3rd",NA,"male","NO"
"1141",1141,"3rd",NA,"male","NO"
"1142",1142,"3rd",NA,"male","NO"
"1143",1143,"3rd",NA,"male","NO"
"1144",1144,"3rd",NA,"male","NO"
"1145",1145,"3rd",NA,"male","NO"
"1146",1146,"3rd",NA,"male","NO"
"1147",1147,"3rd",NA,"male","NO"
"1148",1148,"3rd",NA,"male","NO"
"1149",1149,"3rd",NA,"female","NO"
"1150",1150,"3rd",NA,"female","NO"
"1151",1151,"3rd",NA,"male","NO"
"1152",1152,"3rd",NA,"female","YES"
"1153",1153,"3rd",NA,"male","NO"
"1154",1154,"3rd",NA,"female","NO"
"1155",1155,"3rd",NA,"male","NO"
"1156",1156,"3rd",NA,"female","NO"
"1157",1157,"3rd",NA,"male","NO"
"1158",1158,"3rd",NA,"male","NO"
"1159",1159,"3rd",NA,"female","NO"
"1160",1160,"3rd",NA,"female","NO"
"1161",1161,"3rd",NA,"male","NO"
"1162",1162,"3rd",NA,"female","YES"
"1163",1163,"3rd",NA,"male","NO"
"1164",1164,"3rd",NA,"male","NO"
"1165",1165,"3rd",NA,"male","YES"
"1166",1166,"3rd",NA,"male","NO"
"1167",1167,"3rd",NA,"male","NO"
"1168",1168,"3rd",NA,"male","YES"
"1169",1169,"3rd",NA,"male","NO"
"1170",1170,"3rd",NA,"male","NO"
"1171",1171,"3rd",NA,"female","NO"
"1172",1172,"3rd",NA,"female","NO"
"1173",1173,"3rd",NA,"female","NO"
"1174",1174,"3rd",NA,"male","NO"
"1175",1175,"3rd",NA,"male","NO"
"1176",1176,"3rd",NA,"male","NO"
"1177",1177,"3rd",NA,"male","NO"
"1178",1178,"3rd",NA,"female","NO"
"1179",1179,"3rd",NA,"female","NO"
"1180",1180,"3rd",NA,"male","NO"
"1181",1181,"3rd",NA,"male","NO"
"1182",1182,"3rd",21,"male","NO"
"1183",1183,"3rd",NA,"female","YES"
"1184",1184,"3rd",NA,"male","NO"
"1185",1185,"3rd",NA,"male","NO"
"1186",1186,"3rd",NA,"male","NO"
"1187",1187,"3rd",NA,"male","NO"
"1188",1188,"3rd",NA,"female","YES"
"1189",1189,"3rd",1.5,"female","NO"
"1190",1190,"3rd",NA,"female","NO"
"1191",1191,"3rd",NA,"male","NO"
"1192",1192,"3rd",NA,"male","NO"
"1193",1193,"3rd",NA,"male","NO"
"1194",1194,"3rd",NA,"male","NO"
"1195",1195,"3rd",NA,"male","NO"
"1196",1196,"3rd",NA,"male","NO"
"1197",1197,"3rd",NA,"male","NO"
"1198",1198,"3rd",NA,"male","NO"
"1199",1199,"3rd",NA,"male","NO"
"1200",1200,"3rd",NA,"male","YES"
"1201",1201,"3rd",NA,"male","NO"
"1202",1202,"3rd",NA,"female","YES"
"1203",1203,"3rd",NA,"male","NO"
"1204",1204,"3rd",NA,"male","NO"
"1205",1205,"3rd",NA,"male","NO"
"1206",1206,"3rd",NA,"male","NO"
"1207",1207,"3rd",NA,"male","NO"
"1208",1208,"3rd",NA,"female","YES"
"1209",1209,"3rd",NA,"male","NO"
"1210",1210,"3rd",NA,"male","NO"
"1211",1211,"3rd",NA,"male","NO"
"1212",1212,"3rd",NA,"male","NO"
"1213",1213,"3rd",NA,"female","NO"
"1214",1214,"3rd",NA,"female","NO"
"1215",1215,"3rd",NA,"male","NO"
"1216",1216,"3rd",NA,"female","NO"
"1217",1217,"3rd",NA,"male","NO"
"1218",1218,"3rd",NA,"male","NO"
"1219",1219,"3rd",NA,"male","NO"
"1220",1220,"3rd",NA,"female","YES"
"1221",1221,"3rd",NA,"female","NO"
"1222",1222,"3rd",NA,"male","NO"
"1223",1223,"3rd",NA,"male","YES"
"1224",1224,"3rd",NA,"male","NO"
"1225",1225,"3rd",NA,"male","NO"
"1226",1226,"3rd",NA,"male","NO"
"1227",1227,"3rd",NA,"female","YES"
"1228",1228,"3rd",NA,"male","NO"
"1229",1229,"3rd",NA,"male","NO"
"1230",1230,"3rd",NA,"male","NO"
"1231",1231,"3rd",NA,"female","NO"
"1232",1232,"3rd",NA,"male","YES"
"1233",1233,"3rd",NA,"male","NO"
"1234",1234,"3rd",NA,"female","NO"
"1235",1235,"3rd",NA,"female","NO"
"1236",1236,"3rd",NA,"male","YES"
"1237",1237,"3rd",NA,"male","NO"
"1238",1238,"3rd",NA,"male","NO"
"1239",1239,"3rd",NA,"male","NO"
"1240",1240,"3rd",NA,"male","YES"
"1241",1241,"3rd",NA,"male","NO"
"1242",1242,"3rd",NA,"male","NO"
"1243",1243,"3rd",NA,"male","YES"
"1244",1244,"3rd",NA,"male","NO"
"1245",1245,"3rd",NA,"female","YES"
"1246",1246,"3rd",NA,"male","NO"
"1247",1247,"3rd",NA,"male","NO"
"1248",1248,"3rd",NA,"male","NO"
"1249",1249,"3rd",NA,"male","NO"
"1250",1250,"3rd",NA,"male","NO"
"1251",1251,"3rd",NA,"male","NO"
"1252",1252,"3rd",NA,"female","YES"
"1253",1253,"3rd",NA,"male","NO"
"1254",1254,"3rd",NA,"male","NO"
"1255",1255,"3rd",NA,"male","NO"
"1256",1256,"3rd",NA,"male","NO"
"1257",1257,"3rd",NA,"male","NO"
"1258",1258,"3rd",NA,"male","NO"
"1259",1259,"3rd",25,"male","YES"
"1260",1260,"3rd",NA,"female","NO"
"1261",1261,"3rd",NA,"male","NO"
"1262",1262,"3rd",NA,"female","NO"
"1263",1263,"3rd",NA,"male","NO"
"1264",1264,"3rd",18,"female","YES"
"1265",1265,"3rd",63,"female","YES"
"1266",1266,"3rd",NA,"male","NO"
"1267",1267,"3rd",NA,"male","NO"
"1268",1268,"3rd",NA,"male","NO"
"1269",1269,"3rd",NA,"male","NO"
"1270",1270,"3rd",18,"female","NO"
"1271",1271,"3rd",31,"male","NO"
"1272",1272,"3rd",31,"female","NO"
"1273",1273,"3rd",15,"male","NO"
"1274",1274,"3rd",28,"male","NO"
"1275",1275,"3rd",36,"male","NO"
"1276",1276,"3rd",28,"male","NO"
"1277",1277,"3rd",10,"female","NO"
"1278",1278,"3rd",36,"male","NO"
"1279",1279,"3rd",30,"female","NO"
"1280",1280,"3rd",22,"male","YES"
"1281",1281,"3rd",NA,"male","NO"
"1282",1282,"3rd",29,"male","NO"
"1283",1283,"3rd",47,"male","NO"
"1284",1284,"3rd",14,"female","NO"
"1285",1285,"3rd",22,"male","NO"
"1286",1286,"3rd",NA,"male","NO"
"1287",1287,"3rd",NA,"male","NO"
"1288",1288,"3rd",NA,"male","NO"
"1289",1289,"3rd",NA,"male","NO"
"1290",1290,"3rd",NA,"male","YES"
"1291",1291,"3rd",NA,"male","NO"
"1292",1292,"3rd",51,"male","NO"
"1293",1293,"3rd",18,"male","NO"
"1294",1294,"3rd",45,"female","YES"
"1295",1295,"3rd",NA,"male","NO"
"1296",1296,"3rd",NA,"male","NO"
"1297",1297,"3rd",NA,"male","NO"
"1298",1298,"3rd",28,"male","NO"
"1299",1299,"3rd",21,"male","NO"
"1300",1300,"3rd",27,"male","NO"
"1301",1301,"3rd",NA,"male","NO"
"1302",1302,"3rd",36,"male","NO"
"1303",1303,"3rd",NA,"male","YES"
"1304",1304,"3rd",27,"male","NO"
"1305",1305,"3rd",15,"female","YES"
"1306",1306,"3rd",NA,"male","NO"
"1307",1307,"3rd",NA,"female","NO"
"1308",1308,"3rd",NA,"female","NO"
"1309",1309,"3rd",27,"male","NO"
"1310",1310,"3rd",26,"male","NO"
"1311",1311,"3rd",22,"male","NO"
"1312",1312,"3rd",24,"male","NO"
"1313",1313,"3rd",29,"male","NO"
